0.7,-65.3566,29.0373
0.699475,-65.2967,28.9961
0.698951,-65.2371,28.9547
0.698427,-65.1779,28.913
0.697904,-65.1191,28.8712
0.697382,-65.0607,28.8292
0.696861,-65.0026,28.7869
0.696341,-64.9448,28.7444
0.695821,-64.8875,28.7016
0.695302,-64.8305,28.6586
0.694784,-64.7739,28.6154
0.694267,-64.7176,28.5718
0.69375,-64.6617,28.528
0.693234,-64.6062,28.484
0.692719,-64.551,28.4396
0.692205,-64.4961,28.3949
0.691691,-64.4416,28.3499
0.691179,-64.3874,28.3046
0.690667,-64.3336,28.2589
0.690155,-64.2801,28.2129
0.689645,-64.2269,28.1665
0.689135,-64.1741,28.1198
0.6888,-64.1394,28.0888
0.688626,-64.1215,28.0727
0.688118,-64.0693,28.0251
0.687611,-64.0174,27.9772
0.687104,-63.9657,27.9289
0.686598,-63.9143,27.8801
0.686093,-63.8632,27.8309
0.685588,-63.8124,27.7813
0.685084,-63.7618,27.7312
0.684581,-63.7114,27.6806
0.684079,-63.6613,27.6295
0.683578,-63.6113,27.578
0.683077,-63.5616,27.5259
0.682577,-63.512,27.4734
0.682078,-63.4626,27.4203
0.681579,-63.4134,27.3667
0.681081,-63.3643,27.3125
0.680584,-63.3153,27.2578
0.680088,-63.2664,27.2025
0.679592,-63.2175,27.1467
0.679097,-63.1687,27.0903
0.678603,-63.12,27.0333
0.678109,-63.0712,26.9757
0.677616,-63.0224,26.9176
0.677124,-62.9736,26.8588
0.676633,-62.9248,26.7995
0.676142,-62.8758,26.7396
0.675652,-62.8268,26.679
0.675163,-62.7776,26.6179
0.674674,-62.7282,26.5562
0.674187,-62.6787,26.494
0.673699,-62.6289,26.4311
0.673213,-62.5789,26.3677
0.672727,-62.5287,26.3037
0.672242,-62.4782,26.2391
0.671758,-62.4273,26.174
0.671274,-62.3761,26.1084
0.670791,-62.3245,26.0422
0.670309,-62.2726,25.9755
0.6702,-62.2608,25.9604
0.669828,-62.2202,25.9084
0.669347,-62.1674,25.8408
0.668867,-62.1141,25.7727
0.668387,-62.0604,25.7042
0.667908,-62.0061,25.6352
0.66743,-61.9513,25.5659
0.666953,-61.896,25.4962
0.666476,-61.8401,25.4262
0.666,-61.7836,25.3559
0.665525,-61.7265,25.2852
0.66505,-61.6688,25.2144
0.664576,-61.6105,25.1432
0.664103,-61.5515,25.0719
0.66363,-61.4919,25.0004
0.663158,-61.4317,24.9288
0.662687,-61.3708,24.857
0.662216,-61.3092,24.7852
0.661746,-61.2469,24.7134
0.661277,-61.184,24.6415
0.660808,-61.1204,24.5696
0.66034,-61.0561,24.4978
0.659873,-60.9912,24.426
0.659406,-60.9256,24.3544
0.65894,-60.8594,24.2829
0.658475,-60.7925,24.2115
0.65801,-60.725,24.1404
0.657546,-60.6568,24.0695
0.657082,-60.5881,23.9988
0.65662,-60.5187,23.9284
0.656158,-60.4488,23.8583
0.655696,-60.3782,23.7886
0.655235,-60.3072,23.7191
0.654775,-60.2356,23.6501
0.654316,-60.1635,23.5814
0.653857,-60.0908,23.5132
0.653399,-60.0178,23.4454
0.652941,-59.9442,23.378
0.6526,-59.889,23.328
0.652484,-59.8702,23.3111
0.652028,-59.7958,23.2447
0.651572,-59.7211,23.1787
0.651117,-59.6459,23.1133
0.650663,-59.5704,23.0483
0.650209,-59.4946,22.9839
0.65,-59.4595,22.9544
0.649756,-59.4185,22.92
0.649304,-59.3421,22.8567
0.648852,-59.2654,22.7939
0.648401,-59.1885,22.7316
0.64795,-59.1114,22.6699
0.6475,-59.0341,22.6087
0.647051,-58.9566,22.5481
0.646602,-58.879,22.488
0.646154,-58.8012,22.4285
0.645706,-58.7233,22.3695
0.64526,-58.6454,22.3111
0.644813,-58.5673,22.2532
0.644368,-58.4892,22.1958
0.643923,-58.4111,22.139
0.643478,-58.3329,22.0828
0.643034,-58.2547,22.027
0.642591,-58.1766,21.9718
0.642149,-58.0984,21.9171
0.641707,-58.0203,21.8629
0.641265,-57.9423,21.8092
0.640825,-57.8643,21.756
0.640385,-57.7864,21.7032
0.639945,-57.7086,21.651
0.639506,-57.6308,21.5992
0.639068,-57.5532,21.5479
0.63863,-57.4757,21.497
0.638193,-57.3984,21.4466
0.637756,-57.3212,21.3966
0.637321,-57.2441,21.347
0.636885,-57.1672,21.2978
0.636451,-57.0904,21.2491
0.636016,-57.0138,21.2007
0.6358,-56.9757,21.1768
0.635583,-56.9374,21.1528
0.63515,-56.8612,21.1052
0.634717,-56.7852,21.058
0.634286,-56.7093,21.0111
0.633855,-56.6336,20.9646
0.633424,-56.5582,20.9185
0.632994,-56.4829,20.8727
0.632564,-56.4079,20.8272
0.632136,-56.3331,20.782
0.631707,-56.2584,20.7371
0.63128,-56.184,20.6926
0.630853,-56.1098,20.6483
0.630426,-56.0359,20.6043
0.63,-55.9621,20.5607
0.629575,-55.8886,20.5172
0.62915,-55.8153,20.4741
0.628726,-55.7422,20.4312
0.628302,-55.6694,20.3885
0.627879,-55.5968,20.3461
0.627456,-55.5244,20.304
0.627034,-55.4522,20.262
0.626613,-55.3803,20.2203
0.626192,-55.3085,20.1789
0.625772,-55.2371,20.1376
0.625352,-55.1658,20.0965
0.624933,-55.0947,20.0557
0.624514,-55.0239,20.015
0.624096,-54.9533,19.9745
0.623679,-54.883,19.9342
0.623262,-54.8128,19.8941
0.622846,-54.7429,19.8542
0.62243,-54.6732,19.8144
0.622015,-54.6037,19.7749
0.6216,-54.5344,19.7354
0.621186,-54.4653,19.6962
0.620772,-54.3965,19.6571
0.620359,-54.3278,19.6181
0.619947,-54.2594,19.5793
0.6199,-54.2517,19.5749
0.619535,-54.1912,19.5406
0.619124,-54.1232,19.5021
0.618713,-54.0554,19.4637
0.618302,-53.9878,19.4254
0.617893,-53.9204,19.3873
0.617483,-53.8532,19.3493
0.617075,-53.7862,19.3114
0.616667,-53.7194,19.2737
0.616259,-53.6528,19.236
0.615852,-53.5863,19.1985
0.615446,-53.5201,19.1611
0.61504,-53.4541,19.1238
0.614634,-53.3882,19.0866
0.614229,-53.3226,19.0495
0.613825,-53.2571,19.0126
0.613421,-53.1918,18.9757
0.613018,-53.1267,18.9389
0.612615,-53.0618,18.9022
0.612213,-52.997,18.8656
0.611811,-52.9325,18.8291
0.61141,-52.8681,18.7927
0.611009,-52.8038,18.7564
0.610609,-52.7398,18.7202
0.610209,-52.6759,18.6841
0.60981,-52.6122,18.648
0.609412,-52.5486,18.612
0.609014,-52.4852,18.5762
0.608616,-52.422,18.5404
0.608219,-52.3589,18.5046
0.607823,-52.296,18.469
0.607427,-52.2333,18.4334
0.607031,-52.1707,18.3979
0.606636,-52.1083,18.3625
0.606242,-52.046,18.3272
0.605848,-51.9839,18.2919
0.605455,-51.9219,18.2567
0.605062,-51.8601,18.2216
0.6048,-51.8189,18.1982
0.604669,-51.7984,18.1865
0.604277,-51.7368,18.1516
0.603886,-51.6755,18.1166
0.603495,-51.6142,18.0818
0.603105,-51.5531,18.047
0.602715,-51.4922,18.0123
0.602326,-51.4313,17.9776
0.601937,-51.3706,17.9431
0.601548,-51.3101,17.9085
0.601161,-51.2497,17.8741
0.600773,-51.1894,17.8397
0.600386,-51.1293,17.8053
0.6,-51.0693,17.7711
0.6,-51.0693,17.7711
0.6,-51.0693,17.7711
0.6,-51.0693,17.7711
0.599614,-51.0094,17.7369
0.599229,-50.9496,17.7027
0.598844,-50.89,17.6686
0.59846,-50.8305,17.6346
0.598076,-50.7712,17.6006
0.597692,-50.7119,17.5667
0.597309,-50.6528,17.5329
0.596927,-50.5938,17.4991
0.596545,-50.5349,17.4653
0.596164,-50.4762,17.4317
0.595783,-50.4176,17.398
0.595402,-50.3591,17.3645
0.595022,-50.3007,17.331
0.594643,-50.2424,17.2975
0.594264,-50.1842,17.2641
0.593885,-50.1262,17.2308
0.593507,-50.0683,17.1975
0.59313,-50.0105,17.1643
0.592753,-49.9528,17.1311
0.592376,-49.8952,17.098
0.592,-49.8377,17.0649
0.591624,-49.7803,17.0319
0.591249,-49.7231,16.999
0.590875,-49.6659,16.9661
0.5905,-49.6089,16.9332
0.5904,-49.5936,16.9244
0.590127,-49.552,16.9004
0.589753,-49.4951,16.8677
0.589381,-49.4384,16.835
0.589008,-49.3818,16.8023
0.588636,-49.3253,16.7698
0.588265,-49.2689,16.7372
0.587894,-49.2126,16.7048
0.587524,-49.1564,16.6723
0.587154,-49.1002,16.64
0.586784,-49.0442,16.6076
0.586415,-48.9883,16.5754
0.586047,-48.9325,16.5432
0.585678,-48.8768,16.511
0.585311,-48.8212,16.4789
0.584944,-48.7657,16.4468
0.584577,-48.7103,16.4148
0.584211,-48.655,16.3829
0.583845,-48.5998,16.351
0.583479,-48.5446,16.3191
0.583114,-48.4896,16.2873
0.58275,-48.4347,16.2556
0.582386,-48.3798,16.2239
0.582022,-48.3251,16.1922
0.581659,-48.2704,16.1606
0.581297,-48.2158,16.1291
0.580935,-48.1613,16.0976
0.580573,-48.107,16.0661
0.580212,-48.0527,16.0348
0.579851,-47.9984,16.0034
0.57949,-47.9443,15.9721
0.57913,-47.8903,15.9409
0.578771,-47.8364,15.9097
0.578412,-47.7825,15.8786
0.578053,-47.7287,15.8475
0.577695,-47.675,15.8164
0.577337,-47.6215,15.7855
0.57698,-47.5679,15.7545
0.5767,-47.526,15.7303
0.576623,-47.5145,15.7237
0.576267,-47.4612,15.6928
0.575911,-47.4079,15.662
0.575556,-47.3548,15.6313
0.5752,-47.3017,15.6006
0.574846,-47.2487,15.57
0.574492,-47.1957,15.5394
0.574138,-47.1429,15.5089
0.573785,-47.0901,15.4784
0.573432,-47.0375,15.448
0.573079,-46.9849,15.4176
0.572727,-46.9324,15.3873
0.572376,-46.8799,15.357
0.572025,-46.8276,15.3268
0.571674,-46.7753,15.2967
0.571324,-46.7231,15.2665
0.570974,-46.671,15.2365
0.570624,-46.619,15.2064
0.570275,-46.567,15.1765
0.569927,-46.5151,15.1466
0.569578,-46.4634,15.1167
0.569231,-46.4116,15.0869
0.568883,-46.36,15.0571
0.568537,-46.3084,15.0274
0.56819,-46.2569,14.9977
0.567844,-46.2055,14.9681
0.567498,-46.1542,14.9385
0.567153,-46.1029,14.909
0.566809,-46.0517,14.8796
0.566464,-46.0006,14.8501
0.56612,-45.9496,14.8208
0.565777,-45.8986,14.7915
0.565434,-45.8477,14.7622
0.565091,-45.7969,14.733
0.564749,-45.7462,14.7038
0.564407,-45.6955,14.6747
0.564065,-45.6449,14.6457
0.563724,-45.5944,14.6167
0.5636,-45.576,14.6061
0.563384,-45.544,14.5877
0.563043,-45.4936,14.5588
0.562704,-45.4433,14.5299
0.562364,-45.3931,14.5011
0.562025,-45.3429,14.4724
0.561687,-45.2928,14.4436
0.561349,-45.2428,14.415
0.561011,-45.1929,14.3864
0.560673,-45.143,14.3578
0.560337,-45.0932,14.3293
0.56,-45.0435,14.3008
0.559664,-44.9938,14.2724
0.559328,-44.9442,14.2441
0.558993,-44.8947,14.2158
0.558658,-44.8452,14.1875
0.558323,-44.7958,14.1593
0.557989,-44.7465,14.1312
0.557656,-44.6973,14.103
0.557322,-44.6481,14.075
0.556989,-44.599,14.047
0.556657,-44.55,14.019
0.556325,-44.501,13.9911
0.555993,-44.4521,13.9633
0.555662,-44.4033,13.9354
0.555331,-44.3545,13.9077
0.555,-44.3058,13.88
0.55467,-44.2572,13.8523
0.55434,-44.2086,13.8247
0.554011,-44.1601,13.7971
0.553682,-44.1117,13.7696
0.553353,-44.0633,13.7422
0.553025,-44.015,13.7148
0.552697,-43.9668,13.6874
0.55237,-43.9186,13.6601
0.552043,-43.8705,13.6328
0.551716,-43.8225,13.6056
0.55139,-43.7745,13.5785
0.551064,-43.7266,13.5513
0.551,-43.7172,13.546
0.550738,-43.6787,13.5243
0.550413,-43.631,13.4973
0.550088,-43.5833,13.4703
0.55,-43.5703,13.463
0.549764,-43.5356,13.4434
0.54944,-43.488,13.4165
0.549117,-43.4405,13.3897
0.548793,-43.3931,13.3629
0.548471,-43.3457,13.3362
0.548148,-43.2983,13.3096
0.547826,-43.2511,13.2829
0.547504,-43.2039,13.2564
0.547183,-43.1567,13.2298
0.546862,-43.1097,13.2034
0.546542,-43.0627,13.1769
0.546221,-43.0157,13.1506
0.545902,-42.9688,13.1242
0.545582,-42.922,13.098
0.545263,-42.8753,13.0717
0.544944,-42.8286,13.0456
0.544626,-42.7819,13.0194
0.544308,-42.7354,12.9933
0.543991,-42.6889,12.9673
0.543673,-42.6424,12.9413
0.543357,-42.596,12.9154
0.54304,-42.5497,12.8895
0.542724,-42.5034,12.8637
0.542408,-42.4572,12.8379
0.542093,-42.4111,12.8121
0.541778,-42.365,12.7864
0.541463,-42.319,12.7608
0.541149,-42.273,12.7352
0.540835,-42.2271,12.7096
0.540522,-42.1813,12.6841
0.540209,-42.1355,12.6587
0.539896,-42.0898,12.6333
0.539583,-42.0442,12.6079
0.539271,-41.9986,12.5826
0.5391,-41.9735,12.5687
0.53896,-41.953,12.5574
0.538648,-41.9075,12.5322
0.538337,-41.8621,12.507
0.538027,-41.8168,12.4819
0.537716,-41.7715,12.4568
0.537406,-41.7262,12.4318
0.537097,-41.6811,12.4068
0.536788,-41.6359,12.3819
0.536479,-41.5909,12.357
0.53617,-41.5459,12.3322
0.535862,-41.5009,12.3074
0.535554,-41.4561,12.2827
0.535247,-41.4112,12.258
0.53494,-41.3665,12.2333
0.534633,-41.3218,12.2087
0.534327,-41.2771,12.1842
0.534021,-41.2325,12.1597
0.533715,-41.188,12.1352
0.53341,-41.1435,12.1108
0.533105,-41.0991,12.0865
0.5328,-41.0547,12.0621
0.532496,-41.0104,12.0379
0.532192,-40.9662,12.0137
0.531888,-40.922,11.9895
0.531585,-40.8778,11.9654
0.531282,-40.8338,11.9413
0.530979,-40.7898,11.9173
0.530677,-40.7458,11.8933
0.530375,-40.7019,11.8693
0.530074,-40.658,11.8454
0.529773,-40.6143,11.8216
0.529472,-40.5705,11.7978
0.529171,-40.5268,11.774
0.528871,-40.4832,11.7503
0.528571,-40.4397,11.7267
0.528272,-40.3961,11.7031
0.527973,-40.3527,11.6795
0.527674,-40.3093,11.656
0.5276,-40.2986,11.6501
0.527376,-40.266,11.6325
0.527077,-40.2227,11.6091
0.52678,-40.1794,11.5857
0.526482,-40.1363,11.5623
0.526185,-40.0932,11.539
0.525888,-40.0501,11.5158
0.525592,-40.0071,11.4926
0.525296,-39.9641,11.4694
0.525,-39.9212,11.4463
0.524705,-39.8784,11.4233
0.524409,-39.8356,11.4002
0.524115,-39.7929,11.3773
0.52382,-39.7502,11.3543
0.523526,-39.7076,11.3314
0.523232,-39.665,11.3086
0.522939,-39.6225,11.2858
0.522646,-39.58,11.263
0.522353,-39.5376,11.2403
0.52206,-39.4953,11.2177
0.521768,-39.453,11.1951
0.521477,-39.4107,11.1725
0.521185,-39.3686,11.15
0.520894,-39.3264,11.1275
0.520603,-39.2843,11.105
0.520313,-39.2423,11.0826
0.520022,-39.2003,11.0603
0.519732,-39.1584,11.038
0.519443,-39.1166,11.0157
0.519154,-39.0748,10.9935
0.518865,-39.033,10.9713
0.518576,-38.9913,10.9492
0.518288,-38.9496,10.9271
0.518,-38.908,10.9051
0.517712,-38.8665,10.8831
0.517425,-38.825,10.8611
0.517138,-38.7836,10.8392
0.516851,-38.7422,10.8173
0.5166,-38.7059,10.7982
0.516565,-38.7008,10.7955
0.516279,-38.6596,10.7737
0.515993,-38.6183,10.752
0.515708,-38.5771,10.7303
0.515423,-38.536,10.7087
0.515138,-38.4949,10.6871
0.514854,-38.4539,10.6655
0.51457,-38.413,10.644
0.514286,-38.372,10.6225
0.514002,-38.3312,10.6011
0.513719,-38.2904,10.5797
0.513436,-38.2496,10.5583
0.513154,-38.2089,10.537
0.512871,-38.1682,10.5157
0.512589,-38.1276,10.4945
0.512308,-38.0871,10.4733
0.512026,-38.0466,10.4522
0.511745,-38.0061,10.4311
0.511465,-37.9657,10.4101
0.511184,-37.9254,10.389
0.510904,-37.8851,10.3681
0.510624,-37.8448,10.3471
0.510345,-37.8046,10.3263
0.510066,-37.7645,10.3054
0.509787,-37.7244,10.2846
0.509508,-37.6843,10.2639
0.50923,-37.6444,10.2431
0.508952,-37.6044,10.2225
0.508674,-37.5645,10.2018
0.508397,-37.5247,10.1812
0.50812,-37.4849,10.1607
0.507843,-37.4451,10.1402
0.507567,-37.4055,10.1197
0.507291,-37.3658,10.0993
0.507015,-37.3262,10.0789
0.506739,-37.2867,10.0586
0.506464,-37.2472,10.0383
0.506189,-37.2078,10.018
0.5061,-37.195,10.0114
0.505914,-37.1684,9.99777
0.50564,-37.129,9.97759
0.505366,-37.0897,9.95745
0.505092,-37.0505,9.93735
0.504819,-37.0113,9.91729
0.504545,-36.9722,9.89728
0.504273,-36.9331,9.8773
0.504,-36.894,9.85736
0.503728,-36.855,9.83746
0.503456,-36.8161,9.81761
0.503184,-36.7772,9.79779
0.502913,-36.7383,9.77802
0.502642,-36.6995,9.75828
0.502371,-36.6608,9.73858
0.5021,-36.6221,9.71893
0.50183,-36.5834,9.69931
0.50156,-36.5448,9.67973
0.50129,-36.5063,9.66019
0.501021,-36.4678,9.6407
0.500752,-36.4293,9.62124
0.500483,-36.3909,9.60182
0.500215,-36.3525,9.58244
0.5,-36.3219,9.56697
0.499946,-36.3142,9.5631
0.499678,-36.276,9.5438
0.499411,-36.2377,9.52454
0.499143,-36.1996,9.50532
0.498876,-36.1614,9.48613
0.49861,-36.1234,9.46699
0.498343,-36.0854,9.44788
0.498077,-36.0474,9.42882
0.497811,-36.0094,9.40979
0.497545,-35.9716,9.3908
0.49728,-35.9337,9.37185
0.497015,-35.8959,9.35294
0.49675,-35.8582,9.33407
0.496486,-35.8205,9.31523
0.496221,-35.7829,9.29643
0.495957,-35.7453,9.27768
0.4959,-35.7371,9.2736
0.495694,-35.7077,9.25896
0.49543,-35.6702,9.24027
0.495167,-35.6328,9.22163
0.494904,-35.5953,9.20302
0.494642,-35.558,9.18446
0.49438,-35.5207,9.16593
0.494118,-35.4834,9.14743
0.493856,-35.4462,9.12898
0.493594,-35.409,9.11056
0.493333,-35.3719,9.09218
0.493072,-35.3348,9.07384
0.492812,-35.2978,9.05554
0.492552,-35.2608,9.03727
0.492291,-35.2238,9.01904
0.492032,-35.1869,9.00085
0.491772,-35.1501,8.98269
0.491513,-35.1133,8.96457
0.491254,-35.0765,8.94649
0.490995,-35.0398,8.92845
0.490737,-35.0031,8.91044
0.490479,-34.9665,8.89247
0.490221,-34.9299,8.87453
0.489963,-34.8934,8.85664
0.489706,-34.8569,8.83877
0.489449,-34.8205,8.82095
0.489192,-34.7841,8.80316
0.488936,-34.7478,8.78541
0.488679,-34.7115,8.7677
0.488423,-34.6752,8.75002
0.488168,-34.639,8.73237
0.487912,-34.6028,8.71477
0.487657,-34.5667,8.6972
0.487402,-34.5306,8.67966
0.487147,-34.4946,8.66216
0.486893,-34.4586,8.6447
0.486639,-34.4227,8.62727
0.486385,-34.3868,8.60988
0.486131,-34.3509,8.59253
0.485878,-34.3151,8.57521
0.485625,-34.2794,8.55792
0.485372,-34.2436,8.54067
0.48512,-34.208,8.52346
0.484867,-34.1724,8.50628
0.484615,-34.1368,8.48914
0.484364,-34.1012,8.47203
0.484112,-34.0657,8.45495
0.483861,-34.0303,8.43792
0.48361,-33.9949,8.42091
0.483359,-33.9595,8.40394
0.483109,-33.9242,8.38701
0.482859,-33.8889,8.37011
0.482609,-33.8537,8.35325
0.482359,-33.8185,8.33642
0.48211,-33.7834,8.31962
0.48186,-33.7483,8.30286
0.481612,-33.7132,8.28613
0.481363,-33.6782,8.26944
0.481115,-33.6432,8.25278
0.480866,-33.6083,8.23616
0.480619,-33.5734,8.21957
0.480371,-33.5386,8.20302
0.480124,-33.5038,8.18649
0.479876,-33.4691,8.17001
0.47963,-33.4344,8.15355
0.479383,-33.3997,8.13713
0.479137,-33.3651,8.12075
0.478891,-33.3305,8.10439
0.478645,-33.296,8.08807
0.478399,-33.2615,8.07179
0.478154,-33.227,8.05554
0.477909,-33.1926,8.03932
0.477664,-33.1583,8.02313
0.477419,-33.1239,8.00698
0.477175,-33.0897,7.99086
0.476931,-33.0554,7.97478
0.4769,-33.0511,7.97274
0.476687,-33.0212,7.95872
0.476444,-32.9871,7.9427
0.4762,-32.953,7.92672
0.475957,-32.9189,7.91076
0.475714,-32.8849,7.89484
0.475472,-32.8509,7.87895
0.475229,-32.817,7.8631
0.474987,-32.7831,7.84727
0.474745,-32.7492,7.83148
0.474504,-32.7154,7.81572
0.474262,-32.6817,7.8
0.474021,-32.6479,7.7843
0.47378,-32.6142,7.76864
0.47354,-32.5806,7.75301
0.473299,-32.547,7.73742
0.473059,-32.5134,7.72185
0.472819,-32.4799,7.70632
0.47258,-32.4464,7.69082
0.47234,-32.413,7.67535
0.472101,-32.3796,7.65991
0.471862,-32.3463,7.6445
0.471624,-32.3129,7.62913
0.471385,-32.2797,7.61379
0.471147,-32.2464,7.59848
0.470909,-32.2133,7.5832
0.470671,-32.1801,7.56795
0.470434,-32.147,7.55273
0.470197,-32.1139,7.53755
0.46996,-32.0809,7.52239
0.469723,-32.0479,7.50727
0.469486,-32.015,7.49218
0.46925,-31.9821,7.47712
0.469014,-31.9492,7.46209
0.468778,-31.9164,7.44709
0.468543,-31.8836,7.43212
0.468307,-31.8509,7.41718
0.468072,-31.8182,7.40228
0.467837,-31.7855,7.3874
0.467603,-31.7529,7.37256
0.467368,-31.7203,7.35774
0.467134,-31.6878,7.34296
0.4669,-31.6553,7.3282
0.466667,-31.6228,7.31348
0.466433,-31.5904,7.29879
0.4662,-31.558,7.28412
0.465967,-31.5257,7.26949
0.465734,-31.4934,7.25489
0.465502,-31.4612,7.24031
0.465269,-31.4289,7.22577
0.465037,-31.3968,7.21126
0.464806,-31.3646,7.19677
0.464574,-31.3325,7.18232
0.464343,-31.3005,7.1679
0.464111,-31.2685,7.1535
0.463881,-31.2365,7.13914
0.46365,-31.2045,7.1248
0.463419,-31.1726,7.1105
0.463189,-31.1408,7.09622
0.462959,-31.109,7.08198
0.46273,-31.0772,7.06776
0.4625,-31.0454,7.05357
0.462271,-31.0137,7.03941
0.462042,-30.9821,7.02528
0.461813,-30.9504,7.01118
0.461584,-30.9188,6.99711
0.461356,-30.8873,6.98307
0.461128,-30.8558,6.96905
0.4609,-30.8243,6.95507
0.460672,-30.7929,6.94111
0.460444,-30.7615,6.92718
0.460217,-30.7301,6.91328
0.45999,-30.6988,6.89941
0.459763,-30.6675,6.88557
0.459537,-30.6363,6.87176
0.45931,-30.6051,6.85797
0.4592,-30.5899,6.85126
0.459084,-30.5739,6.84421
0.458858,-30.5428,6.83049
0.458633,-30.5117,6.81679
0.458407,-30.4807,6.80311
0.458182,-30.4497,6.78947
0.457957,-30.4187,6.77585
0.457732,-30.3878,6.76226
0.457507,-30.3569,6.7487
0.457283,-30.326,6.73517
0.457059,-30.2952,6.72167
0.456835,-30.2644,6.70819
0.456611,-30.2337,6.69474
0.456388,-30.203,6.68132
0.456164,-30.1723,6.66793
0.455941,-30.1417,6.65456
0.455718,-30.1111,6.64122
0.455496,-30.0805,6.62791
0.455273,-30.05,6.61462
0.455051,-30.0195,6.60137
0.454829,-29.9891,6.58814
0.454608,-29.9587,6.57493
0.454386,-29.9283,6.56176
0.454165,-29.898,6.54861
0.453944,-29.8677,6.53549
0.453723,-29.8374,6.52239
0.453502,-29.8072,6.50933
0.453281,-29.777,6.49629
0.453061,-29.7469,6.48327
0.452841,-29.7168,6.47028
0.452621,-29.6867,6.45732
0.452402,-29.6567,6.44439
0.452182,-29.6267,6.43148
0.451963,-29.5967,6.4186
0.451744,-29.5668,6.40575
0.451525,-29.5369,6.39292
0.451307,-29.507,6.38012
0.451089,-29.4772,6.36734
0.45087,-29.4474,6.35459
0.450652,-29.4177,6.34187
0.450435,-29.388,6.32917
0.450217,-29.3583,6.3165
0.45,-29.3287,6.30385
0.45,-29.3287,6.30385
0.45,-29.3287,6.30385
0.45,-29.3287,6.30385
0.449783,-29.2991,6.29123
0.449566,-29.2695,6.27864
0.449349,-29.24,6.26607
0.449133,-29.2105,6.25353
0.448917,-29.1811,6.24102
0.448701,-29.1517,6.22853
0.448485,-29.1223,6.21606
0.448269,-29.0929,6.20362
0.448054,-29.0636,6.19121
0.447839,-29.0343,6.17882
0.447624,-29.0051,6.16646
0.447409,-28.9759,6.15412
0.447194,-28.9467,6.14181
0.44698,-28.9176,6.12952
0.446766,-28.8885,6.11726
0.446552,-28.8595,6.10502
0.446338,-28.8304,6.09281
0.446124,-28.8014,6.08062
0.445911,-28.7725,6.06846
0.445698,-28.7436,6.05632
0.445485,-28.7147,6.04421
0.445272,-28.6858,6.03212
0.44506,-28.657,6.02006
0.444847,-28.6283,6.00802
0.444635,-28.5995,5.99601
0.444423,-28.5708,5.98402
0.444212,-28.5421,5.97206
0.444,-28.5135,5.96012
0.443789,-28.4849,5.9482
0.443578,-28.4563,5.93631
0.443367,-28.4278,5.92445
0.443156,-28.3993,5.9126
0.442945,-28.3708,5.90079
0.4428,-28.3512,5.89263
0.442735,-28.3424,5.88899
0.442525,-28.314,5.87722
0.442315,-28.2856,5.86548
0.442105,-28.2573,5.85376
0.441896,-28.229,5.84206
0.441686,-28.2008,5.83039
0.441477,-28.1725,5.81874
0.441268,-28.1444,5.80711
0.44106,-28.1162,5.79551
0.440851,-28.0881,5.78393
0.440643,-28.06,5.77237
0.440435,-28.0319,5.76084
0.440227,-28.0039,5.74934
0.440019,-27.9759,5.73785
0.439811,-27.948,5.72639
0.439604,-27.9201,5.71495
0.439397,-27.8922,5.70354
0.43919,-27.8643,5.69215
0.438983,-27.8365,5.68078
0.438776,-27.8087,5.66944
0.43857,-27.781,5.65812
0.438364,-27.7533,5.64682
0.438158,-27.7256,5.63555
0.437952,-27.698,5.62429
0.437746,-27.6703,5.61307
0.437541,-27.6428,5.60186
0.437336,-27.6152,5.59068
0.437131,-27.5877,5.57952
0.436926,-27.5602,5.56838
0.436721,-27.5328,5.55727
0.436517,-27.5054,5.54617
0.436313,-27.478,5.5351
0.436109,-27.4506,5.52406
0.435905,-27.4233,5.51303
0.435701,-27.396,5.50203
0.435497,-27.3688,5.49105
0.435294,-27.3416,5.4801
0.435091,-27.3144,5.46916
0.434888,-27.2872,5.45825
0.434685,-27.2601,5.44736
0.434483,-27.233,5.43649
0.43428,-27.206,5.42565
0.434078,-27.179,5.41482
0.433876,-27.152,5.40402
0.433674,-27.125,5.39324
0.433473,-27.0981,5.38248
0.433271,-27.0712,5.37175
0.43307,-27.0444,5.36104
0.432869,-27.0175,5.35034
0.432668,-26.9908,5.33967
0.432468,-26.964,5.32903
0.432267,-26.9373,5.3184
0.432067,-26.9106,5.30779
0.431867,-26.8839,5.29721
0.431667,-26.8573,5.28665
0.431467,-26.8307,5.27611
0.431267,-26.8041,5.26559
0.431068,-26.7776,5.25509
0.430869,-26.7511,5.24462
0.43067,-26.7246,5.23416
0.430471,-26.6982,5.22373
0.430272,-26.6718,5.21331
0.430074,-26.6454,5.20292
0.429876,-26.619,5.19255
0.429677,-26.5927,5.1822
0.42948,-26.5665,5.17188
0.429282,-26.5402,5.16157
0.429084,-26.514,5.15128
0.428887,-26.4878,5.14102
0.42869,-26.4617,5.13077
0.428493,-26.4355,5.12055
0.428296,-26.4094,5.11035
0.428099,-26.3834,5.10017
0.427903,-26.3573,5.09001
0.427706,-26.3314,5.07987
0.42751,-26.3054,5.06975
0.4275,-26.304,5.06921
0.427314,-26.2794,5.05965
0.427119,-26.2535,5.04957
0.426923,-26.2277,5.03951
0.426728,-26.2018,5.02947
0.426532,-26.176,5.01945
0.426337,-26.1502,5.00946
0.426143,-26.1245,4.99948
0.425948,-26.0988,4.98952
0.425753,-26.0731,4.97959
0.425559,-26.0474,4.96967
0.425365,-26.0218,4.95977
0.425171,-25.9962,4.9499
0.424977,-25.9706,4.94004
0.424784,-25.9451,4.9302
0.42459,-25.9196,4.92039
0.424397,-25.8941,4.91059
0.424204,-25.8687,4.90081
0.424011,-25.8433,4.89106
0.423818,-25.8179,4.88132
0.423626,-25.7925,4.8716
0.423433,-25.7672,4.86191
0.423241,-25.7419,4.85223
0.423049,-25.7167,4.84257
0.422857,-25.6914,4.83293
0.422665,-25.6662,4.82331
0.422474,-25.6411,4.81371
0.422283,-25.6159,4.80413
0.422091,-25.5908,4.79457
0.4219,-25.5657,4.78503
0.42171,-25.5407,4.77551
0.421519,-25.5157,4.76601
0.421329,-25.4907,4.75652
0.421138,-25.4657,4.74706
0.420948,-25.4408,4.73761
0.420758,-25.4159,4.72819
0.420568,-25.391,4.71878
0.420379,-25.3662,4.70939
0.420189,-25.3413,4.70002
0.42,-25.3166,4.69067
0.419811,-25.2918,4.68134
0.419622,-25.2671,4.67203
0.419433,-25.2424,4.66273
0.419245,-25.2177,4.65346
0.419056,-25.1931,4.6442
0.418868,-25.1685,4.63497
0.41868,-25.1439,4.62575
0.418492,-25.1194,4.61655
0.418304,-25.0948,4.60737
0.418117,-25.0703,4.5982
0.417929,-25.0459,4.58906
0.417742,-25.0215,4.57993
0.417555,-24.997,4.57082
0.417368,-24.9727,4.56174
0.417181,-24.9483,4.55266
0.416995,-24.924,4.54361
0.416808,-24.8997,4.53458
0.416622,-24.8755,4.52556
0.416436,-24.8512,4.51656
0.41625,-24.827,4.50758
0.416064,-24.8029,4.49862
0.415879,-24.7787,4.48968
0.415693,-24.7546,4.48075
0.415508,-24.7305,4.47185
0.415323,-24.7065,4.46296
0.415138,-24.6824,4.45408
0.414953,-24.6584,4.44523
0.414769,-24.6345,4.4364
0.414584,-24.6105,4.42758
0.4144,-24.5866,4.41878
0.414216,-24.5627,4.40999
0.414032,-24.5388,4.40123
0.413848,-24.515,4.39248
0.413665,-24.4912,4.38375
0.413481,-24.4674,4.37504
0.4133,-24.444,4.36645
0.413298,-24.4437,4.36635
0.413115,-24.42,4.35767
0.412932,-24.3963,4.34901
0.412749,-24.3726,4.34037
0.412566,-24.349,4.33174
0.412384,-24.3254,4.32314
0.412202,-24.3018,4.31455
0.412019,-24.2782,4.30597
0.411837,-24.2547,4.29742
0.411656,-24.2312,4.28888
0.411474,-24.2078,4.28036
0.411292,-24.1843,4.27185
0.411111,-24.1609,4.26337
0.41093,-24.1375,4.2549
0.410749,-24.1142,4.24644
0.410568,-24.0908,4.23801
0.410387,-24.0675,4.22959
0.410207,-24.0442,4.22119
0.410026,-24.021,4.2128
0.409846,-23.9978,4.20443
0.409666,-23.9746,4.19608
0.409486,-23.9514,4.18775
0.409306,-23.9283,4.17943
0.409127,-23.9052,4.17113
0.408947,-23.8821,4.16284
0.408768,-23.859,4.15458
0.408589,-23.836,4.14633
0.40841,-23.813,4.13809
0.408231,-23.79,4.12987
0.408053,-23.7671,4.12167
0.407874,-23.7441,4.11349
0.407696,-23.7213,4.10532
0.407517,-23.6984,4.09716
0.407339,-23.6755,4.08903
0.407162,-23.6527,4.08091
0.406984,-23.6299,4.0728
0.406806,-23.6072,4.06472
0.406629,-23.5844,4.05665
0.406452,-23.5617,4.04859
0.406275,-23.5391,4.04055
0.406098,-23.5164,4.03253
0.405921,-23.4938,4.02452
0.405744,-23.4712,4.01653
0.405568,-23.4486,4.00856
0.405391,-23.426,4.0006
0.405215,-23.4035,3.99266
0.405039,-23.381,3.98473
0.404863,-23.3586,3.97682
0.404688,-23.3361,3.96892
0.404512,-23.3137,3.96105
0.404337,-23.2913,3.95318
0.404161,-23.2689,3.94533
0.403986,-23.2466,3.9375
0.403811,-23.2243,3.92969
0.403636,-23.202,3.92188
0.403462,-23.1797,3.9141
0.403287,-23.1575,3.90633
0.403113,-23.1353,3.89858
0.402939,-23.1131,3.89084
0.402765,-23.091,3.88311
0.402591,-23.0688,3.87541
0.402417,-23.0467,3.86771
0.402243,-23.0247,3.86004
0.40207,-23.0026,3.85238
0.401897,-22.9806,3.84473
0.401723,-22.9586,3.8371
0.40155,-22.9366,3.82948
0.401378,-22.9146,3.82188
0.401205,-22.8927,3.8143
0.401032,-22.8708,3.80673
0.40086,-22.8489,3.79917
0.400688,-22.8271,3.79163
0.400515,-22.8053,3.78411
0.400343,-22.7835,3.7766
0.400172,-22.7617,3.7691
0.4,-22.74,3.76162
